{
  "template/ServiceMasterTemplate.xlsx": 1766566464013,
  "model/models.js": 1766566464009,
  "utils/xlsx.js": 1766566464013,
  "model/formatter.js": 1766566464009,
  "controller/Overview.controller.js": 1767332987451,
  "controller/Create.controller.js": 1767597366783,
  "controller/App.controller.js": 1766566464009,
  "manifest.json": 1766566464009,
  "Component.js": 1766566464009,
  "Component-dbg.js": 1766566464009,
  "Component.js.map": 1767597379491,
  "utils/xlsx-dbg.js": 1766566464013,
  "utils/xlsx.js.map": 1767597380653,
  "model/formatter-dbg.js": 1766566464009,
  "model/formatter.js.map": 1767597379480,
  "controller/Overview-dbg.controller.js": 1767332987451,
  "controller/Overview.controller.js.map": 1767597379500,
  "controller/Create-dbg.controller.js": 1767597366783,
  "controller/Create.controller.js.map": 1767597379604,
  "controller/App-dbg.controller.js": 1766566464009,
  "controller/App.controller.js.map": 1767597379492,
  "model/models-dbg.js": 1766566464009,
  "model/models.js.map": 1767597379495,
  "Component-preload.js": 1767597381056,
  "Component-preload.js.map": 1767597381056,
  "view/Overview.view.xml": 1766566464017,
  "view/Create.view.xml": 1766566464013,
  "view/App.view.xml": 1766566464013,
  "i18n/i18n.properties": 1766566464009,
  "fragments/srvRequest.fragment.xml": 1766566464009,
  "fragments/ServiceDialog.fragment.xml": 1767331601177,
  "fragments/F4Dialog.fragment.xml": 1766566464009,
  "fragments/Data.fragment.xml": 1766566464009,
  "css/style.css": 1766566464009,
  "index.html": 1766566464009
}