{
  "view/Create.view.xml": 1766566464013,
  "manifest.json": 1766566464009,
  "model/models.js": 1766566464009,
  "model/formatter.js": 1766566464009,
  "controller/Overview.controller.js": 1767332987451,
  "controller/Create.controller.js": 1767330393561,
  "controller/App.controller.js": 1766566464009,
  "utils/xlsx.js": 1766566464013,
  "Component.js": 1766566464009,
  "utils/xlsx-dbg.js": 1766566464013,
  "utils/xlsx.js.map": 1767333012253,
  "model/formatter-dbg.js": 1766566464009,
  "model/formatter.js.map": 1767333011087,
  "controller/Overview-dbg.controller.js": 1767332987451,
  "controller/Overview.controller.js.map": 1767333011107,
  "controller/Create-dbg.controller.js": 1767330393561,
  "controller/Create.controller.js.map": 1767333011216,
  "controller/App-dbg.controller.js": 1766566464009,
  "controller/App.controller.js.map": 1767333011087,
  "model/models-dbg.js": 1766566464009,
  "model/models.js.map": 1767333011089,
  "Component-dbg.js": 1766566464009,
  "Component.js.map": 1767333011094,
  "Component-preload.js": 1767333012630,
  "Component-preload.js.map": 1767333012630,
  "view/Overview.view.xml": 1766566464017,
  "i18n/i18n.properties": 1766566464009,
  "view/App.view.xml": 1766566464013,
  "template/ServiceMasterTemplate.xlsx": 1766566464013,
  "css/style.css": 1766566464009,
  "fragments/srvRequest.fragment.xml": 1766566464009,
  "fragments/ServiceDialog.fragment.xml": 1767331601177,
  "fragments/F4Dialog.fragment.xml": 1766566464009,
  "fragments/Data.fragment.xml": 1766566464009,
  "index.html": 1766566464009
}