{
  "Component-preload.js": 1766145266850,
  "manifest.json": 1766134433609,
  "model/formatter.js": 1765870575000,
  "controller/Overview.controller.js": 1766133732513,
  "controller/Create.controller.js": 1766133662353,
  "controller/App.controller.js": 1765868405000,
  "model/models.js": 1765868405000,
  "Component.js": 1765869168000,
  "Component-dbg.js": 1765869168000,
  "Component.js.map": 1766145266628,
  "controller/Overview-dbg.controller.js": 1766133732513,
  "controller/Overview.controller.js.map": 1766145266633,
  "controller/Create-dbg.controller.js": 1766133662353,
  "controller/Create.controller.js.map": 1766145266708,
  "controller/App-dbg.controller.js": 1765868405000,
  "controller/App.controller.js.map": 1766145266621,
  "model/models-dbg.js": 1765868405000,
  "model/models.js.map": 1766145266624,
  "model/formatter-dbg.js": 1765870575000,
  "model/formatter.js.map": 1766145266630,
  "i18n/i18n.properties": 1765869143000,
  "Component-preload.js.map": 1766145266850,
  "view/Overview.view.xml": 1766134358237,
  "view/Create.view.xml": 1765869485000,
  "view/App.view.xml": 1765868405000,
  "fragments/srvRequest.fragment.xml": 1766133926989,
  "fragments/ServiceDialog.fragment.xml": 1766133892017,
  "fragments/F4Dialog.fragment.xml": 1766133880649,
  "fragments/Data.fragment.xml": 1766133846657,
  "css/style.css": 1765868405000,
  "index.html": 1765868405000
}