{
  "template/ServiceMasterTemplate.xlsx": 1766566464013,
  "controller/Overview.controller.js": 1766566464009,
  "model/models.js": 1766566464009,
  "model/formatter.js": 1766566464009,
  "utils/xlsx.js": 1766566464013,
  "controller/Create.controller.js": 1766571065311,
  "controller/App.controller.js": 1766566464009,
  "manifest.json": 1766566464009,
  "Component.js": 1766566464009,
  "utils/xlsx-dbg.js": 1766566464013,
  "utils/xlsx.js.map": 1766571094344,
  "model/models-dbg.js": 1766566464009,
  "model/models.js.map": 1766571093165,
  "model/formatter-dbg.js": 1766566464009,
  "model/formatter.js.map": 1766571093164,
  "controller/Overview-dbg.controller.js": 1766566464009,
  "controller/Overview.controller.js.map": 1766571093177,
  "controller/Create-dbg.controller.js": 1766571065311,
  "controller/Create.controller.js.map": 1766571093284,
  "controller/App-dbg.controller.js": 1766566464009,
  "controller/App.controller.js.map": 1766571093169,
  "Component-dbg.js": 1766566464009,
  "Component.js.map": 1766571093176,
  "Component-preload.js": 1766571094732,
  "Component-preload.js.map": 1766571094732,
  "view/Overview.view.xml": 1766566464017,
  "view/Create.view.xml": 1766566464013,
  "view/App.view.xml": 1766566464013,
  "i18n/i18n.properties": 1766566464009,
  "fragments/srvRequest.fragment.xml": 1766566464009,
  "fragments/ServiceDialog.fragment.xml": 1766569396298,
  "fragments/F4Dialog.fragment.xml": 1766566464009,
  "fragments/Data.fragment.xml": 1766566464009,
  "css/style.css": 1766566464009,
  "index.html": 1766566464009
}