{
  "fragments/srvRequest.fragment.xml": 1766133926989,
  "controller/Create.controller.js": 1766383386728,
  "model/models.js": 1765868405000,
  "model/formatter.js": 1765870575000,
  "controller/Overview.controller.js": 1766133732513,
  "utils/xlsx.js": 1766380806604,
  "controller/App.controller.js": 1765868405000,
  "manifest.json": 1766380761355,
  "Component.js": 1765869168000,
  "model/models-dbg.js": 1765868405000,
  "model/models.js.map": 1766383606765,
  "controller/Create-dbg.controller.js": 1766383386728,
  "controller/Create.controller.js.map": 1766383606880,
  "model/formatter-dbg.js": 1765870575000,
  "model/formatter.js.map": 1766383606768,
  "controller/Overview-dbg.controller.js": 1766133732513,
  "controller/Overview.controller.js.map": 1766383606775,
  "utils/xlsx-dbg.js": 1766380806604,
  "utils/xlsx.js.map": 1766383607925,
  "controller/App-dbg.controller.js": 1765868405000,
  "controller/App.controller.js.map": 1766383606771,
  "Component-dbg.js": 1765869168000,
  "Component.js.map": 1766383606776,
  "Component-preload.js": 1766383608298,
  "Component-preload.js.map": 1766383608298,
  "view/Overview.view.xml": 1766134358237,
  "view/Create.view.xml": 1766152422214,
  "view/App.view.xml": 1765868405000,
  "template/ServiceMasterTemplate.xlsx": 1766151934222,
  "i18n/i18n.properties": 1766381021057,
  "fragments/ServiceDialog.fragment.xml": 1766133892017,
  "fragments/F4Dialog.fragment.xml": 1766133880649,
  "fragments/Data.fragment.xml": 1766133846657,
  "css/style.css": 1765868405000,
  "index.html": 1765868405000
}