{
  "model/formatter.js": 1765870575000,
  "controller/Overview.controller.js": 1766386879928,
  "model/models.js": 1765868405000,
  "i18n/i18n.properties": 1766381021057,
  "utils/xlsx.js": 1766380806604,
  "controller/Create.controller.js": 1766387821824,
  "controller/App.controller.js": 1765868405000,
  "manifest.json": 1766386750315,
  "Component.js": 1765869168000,
  "controller/Overview-dbg.controller.js": 1766386879928,
  "controller/Overview.controller.js.map": 1766387843032,
  "model/models-dbg.js": 1765868405000,
  "model/models.js.map": 1766387843014,
  "model/formatter-dbg.js": 1765870575000,
  "model/formatter.js.map": 1766387843023,
  "utils/xlsx-dbg.js": 1766380806604,
  "utils/xlsx.js.map": 1766387844194,
  "controller/Create-dbg.controller.js": 1766387821824,
  "controller/Create.controller.js.map": 1766387843121,
  "controller/App-dbg.controller.js": 1765868405000,
  "controller/App.controller.js.map": 1766387843025,
  "Component-dbg.js": 1765869168000,
  "Component.js.map": 1766387843031,
  "Component-preload.js": 1766387844554,
  "Component-preload.js.map": 1766387844555,
  "view/Overview.view.xml": 1766384508661,
  "view/Create.view.xml": 1766387136361,
  "view/App.view.xml": 1765868405000,
  "template/ServiceMasterTemplate.xlsx": 1766151934222,
  "fragments/srvRequest.fragment.xml": 1766133926989,
  "fragments/ServiceDialog.fragment.xml": 1766133892017,
  "fragments/F4Dialog.fragment.xml": 1766133880649,
  "fragments/Data.fragment.xml": 1766133846657,
  "css/style.css": 1765868405000,
  "index.html": 1765868405000
}