{
  "Component.js.map": 1766571097685,
  "model/models.js": 1766566464009,
  "controller/Approval.controller.js": 1766566464009,
  "controller/App.controller.js": 1766566464009,
  "manifest.json": 1766566464009,
  "Component.js": 1766569138516,
  "model/models-dbg.js": 1766566464009,
  "model/models.js.map": 1766571097651,
  "controller/Approval-dbg.controller.js": 1766566464009,
  "controller/Approval.controller.js.map": 1766571097689,
  "controller/App-dbg.controller.js": 1766566464009,
  "controller/App.controller.js.map": 1766571097653,
  "Component-dbg.js": 1766569138516,
  "i18n/i18n.properties": 1766566464009,
  "Component-preload.js": 1766571097806,
  "Component-preload.js.map": 1766571097806,
  "view/Approval.view.xml": 1766566464009,
  "view/App.view.xml": 1766566464009,
  "fragments/F4Dialog.fragment.xml": 1766566464009,
  "fragments/Data.fragment.xml": 1766566464009,
  "css/style.css": 1766566464009,
  "index.html": 1766566464009
}