{
  "fragments/Data.fragment.xml": 1766142518590,
  "controller/Approval.controller.js": 1766149896520,
  "model/models.js": 1765872186000,
  "controller/App.controller.js": 1765872186000,
  "manifest.json": 1766134036637,
  "Component.js": 1766151238213,
  "model/models-dbg.js": 1765872186000,
  "model/models.js.map": 1766383611092,
  "controller/Approval-dbg.controller.js": 1766149896520,
  "controller/Approval.controller.js.map": 1766383611120,
  "controller/App-dbg.controller.js": 1765872186000,
  "controller/App.controller.js.map": 1766383611089,
  "Component-dbg.js": 1766151238213,
  "Component.js.map": 1766383611112,
  "Component-preload.js": 1766383611237,
  "Component-preload.js.map": 1766383611237,
  "view/Approval.view.xml": 1766140951125,
  "view/App.view.xml": 1765872186000,
  "fragments/F4Dialog.fragment.xml": 1765872532000,
  "i18n/i18n.properties": 1766142962791,
  "css/style.css": 1765872186000,
  "index.html": 1765872186000
}