{
  "manifest.json": 1766134036637,
  "model/models.js": 1765872186000,
  "controller/Approval.controller.js": 1766145237636,
  "controller/App.controller.js": 1765872186000,
  "i18n/i18n.properties": 1766142962791,
  "Component.js": 1766145013592,
  "controller/App-dbg.controller.js": 1765872186000,
  "controller/App.controller.js.map": 1766145269640,
  "controller/Approval-dbg.controller.js": 1766145237636,
  "controller/Approval.controller.js.map": 1766145269700,
  "model/models-dbg.js": 1765872186000,
  "model/models.js.map": 1766145269641,
  "Component-dbg.js": 1766145013592,
  "Component.js.map": 1766145269692,
  "Component-preload.js": 1766145269819,
  "Component-preload.js.map": 1766145269819,
  "view/Approval.view.xml": 1766140951125,
  "view/App.view.xml": 1765872186000,
  "fragments/F4Dialog.fragment.xml": 1765872532000,
  "fragments/Data.fragment.xml": 1766142518590,
  "css/style.css": 1765872186000,
  "index.html": 1765872186000
}