{
  "controller/Approval-dbg.controller.js": 1766140809709,
  "controller/Approval.controller.js": 1766140809709,
  "model/models.js": 1765872186000,
  "controller/App.controller.js": 1765872186000,
  "manifest.json": 1766134036637,
  "Component.js": 1766140767401,
  "model/models-dbg.js": 1765872186000,
  "model/models.js.map": 1766140978357,
  "i18n/i18n.properties": 1766136399802,
  "controller/Approval.controller.js.map": 1766140978406,
  "controller/App-dbg.controller.js": 1765872186000,
  "controller/App.controller.js.map": 1766140978356,
  "Component-dbg.js": 1766140767401,
  "Component.js.map": 1766140978404,
  "Component-preload.js": 1766140978532,
  "Component-preload.js.map": 1766140978532,
  "view/Approval.view.xml": 1766140951125,
  "view/App.view.xml": 1765872186000,
  "fragments/F4Dialog.fragment.xml": 1765872532000,
  "fragments/Data.fragment.xml": 1766136372706,
  "css/style.css": 1765872186000,
  "index.html": 1765872186000
}